epoch,accuracy,loss
0,0.9483375,0.1368783853428548
1,0.9658855,0.0924576763262371
2,0.97152495,0.0776836316560107
3,0.97508395,0.0688266852177979
4,0.97689277,0.06455980989811018
